{
  "version": 1,
  "author": "Anonymous maker",
  "editor": "wokwi",
  "parts": [
    { "type": "board-esp32-devkit-c-v4", "id": "esp", "top": 0, "left": 0, "attrs": {} },
    { "type": "wokwi-mpu6050", "id": "imu1", "top": 99.82, "left": 136.72, "attrs": {} },
    {
      "type": "wokwi-led",
      "id": "led1",
      "top": -70.8,
      "left": 51.8,
      "attrs": { "color": "green" }
    },
    {
      "type": "wokwi-led",
      "id": "led2",
      "top": -80.4,
      "left": 119,
      "attrs": { "color": "yellow" }
    },
    {
      "type": "wokwi-led",
      "id": "led3",
      "top": -70.8,
      "left": 157.4,
      "attrs": { "color": "red" }
    },
    {
      "type": "wokwi-buzzer",
      "id": "bz1",
      "top": -93.6,
      "left": 193.8,
      "attrs": { "volume": "0.1" }
    }
  ],
  "connections": [
    [ "esp:TX", "$serialMonitor:RX", "", [] ],
    [ "esp:RX", "$serialMonitor:TX", "", [] ],
    [ "imu1:SDA", "esp:21", "green", [ "v0" ] ],
    [ "imu1:SCL", "esp:22", "green", [ "v0" ] ],
    [ "esp:GND.2", "imu1:GND", "black", [ "v9.6", "h100.84" ] ],
    [ "esp:3V3", "imu1:VCC", "red", [ "h0" ] ],
    [ "led1:A", "esp:15", "green", [ "v9.6", "h38.4", "v192" ] ],
    [ "led2:A", "esp:2", "green", [ "v9.6", "h-19.2", "v182.4" ] ],
    [ "led3:A", "esp:4", "green", [ "v19.2", "h-48", "v182.4" ] ],
    [ "bz1:2", "esp:5", "green", [ "v19.2", "h-86.8", "v105.6" ] ],
    [ "esp:GND.1", "led1:C", "black", [ "h-33.41", "v-182.4", "h95.6" ] ],
    [ "esp:GND.2", "led3:C", "black", [ "v-48", "h72.04" ] ],
    [ "esp:GND.2", "led2:C", "black", [ "v0" ] ],
    [ "esp:GND.2", "bz1:1", "black", [ "v0" ] ]
  ],
  "dependencies": {}
}